id_prod,price,categ
0_1548,23.0,0
0_1102,10.23,0
1_92,18.45,1
0_955,5.65,0
0_1614,14.33,0
0_1391,11.15,0
0_842,15.22,0
0_431,21.95,0
0_1494,23.44,0
0_1927,11.41,0
2_219,164.27,2
1_65,62.49,1
0_555,6.3,0
0_1055,22.48,0
1_89,23.84,1
0_206,14.17,0
0_1185,5.66,0
0_511,0.56,0
0_385,4.51,0
1_90,51.41,1
0_2187,13.57,0
0_202,4.05,0
0_1024,3.0,0
1_5,30.22,1
2_30,141.09,2
0_932,7.4,0
0_183,14.36,0
1_343,38.76,1
1_561,46.7,1
0_1547,8.99,0
2_36,294.39,2
1_24,23.68,1
1_342,10.41,1
0_567,11.24,0
0_176,23.45,0
0_1054,1.05,0
1_299,21.61,1
0_2212,5.1,0
1_524,40.8,1
1_72,63.09,1
1_660,26.44,1
0_444,15.92,0
2_113,168.65,2
1_297,44.5,1
0_1349,3.05,0
0_1981,12.03,0
0_136,17.16,0
0_2174,13.28,0
0_1193,4.13,0
0_1678,1.79,0
0_1566,5.75,0
2_115,95.52,2
1_231,9.24,1
0_1115,9.72,0
0_1839,16.8,0
0_752,4.89,0
1_27,30.45,1
0_1873,1.05,0
1_354,28.38,1
1_577,19.07,1
0_2257,12.91,0
1_284,30.99,1
1_631,22.95,1
0_1756,6.11,0
0_1726,10.66,0
0_2096,12.69,0
0_1421,18.92,0
0_344,9.52,0
0_326,3.74,0
0_22,33.32,0
1_453,26.89,1
1_683,42.85,1
1_338,44.99,1
0_1577,17.97,0
2_73,103.69,2
2_75,111.76,2
0_1198,10.05,0
0_231,11.89,0
0_1319,18.26,0
1_316,53.75,1
0_305,7.48,0
2_70,120.07,2
2_90,62.45,2
0_584,11.36,0
0_1930,5.31,0
0_1820,12.73,0
2_208,76.41,2
0_757,7.49,0
1_625,21.25,1
0_1153,9.14,0
0_2182,10.88,0
0_1709,4.64,0
0_660,8.53,0
0_1120,14.04,0
0_1116,3.22,0
0_916,6.99,0
0_960,1.99,0
0_1785,17.0,0
2_125,126.31,2
0_2003,16.87,0
1_392,3.24,1
0_2268,12.04,0
0_2301,3.73,0
0_1701,6.64,0
0_513,11.48,0
0_1465,9.91,0
0_1804,4.69,0
1_331,5.6,1
0_562,1.04,0
0_1359,9.2,0
0_573,13.18,0
0_42,24.6,0
0_2255,8.07,0
0_2162,6.27,0
0_1591,14.92,0
0_1908,8.73,0
0_351,7.44,0
0_321,2.42,0
0_816,11.35,0
2_109,41.62,2
0_1816,17.76,0
0_1390,7.09,0
0_791,10.77,0
0_568,14.47,0
0_680,7.26,0
1_385,19.98,1
0_835,4.1,0
0_700,10.47,0
0_854,9.5,0
0_1403,14.15,0
1_459,42.18,1
0_606,5.88,0
0_1013,10.54,0
0_1034,14.72,0
0_1481,18.81,0
0_1983,14.7,0
0_50,2.53,0
0_2010,15.49,0
0_328,2.89,0
2_31,87.36,2
1_143,10.7,1
0_1227,4.47,0
0_451,19.92,0
0_772,9.7,0
0_1987,8.1,0
1_508,19.93,1
1_553,65.5,1
0_1699,8.94,0
0_735,4.63,0
0_576,11.43,0
0_1528,23.76,0
0_588,17.5,0
1_222,20.28,1
1_565,58.13,1
1_557,44.91,1
0_564,9.9,0
2_76,45.14,2
0_786,5.57,0
0_1220,24.22,0
0_1001,20.93,0
0_24,10.55,0
1_180,28.68,1
1_405,12.23,1
0_5,16.76,0
1_710,56.56,1
0_1043,12.2,0
0_331,7.98,0
0_855,21.84,0
0_596,1.89,0
0_2093,13.2,0
0_919,7.43,0
0_365,5.45,0
0_1778,16.75,0
1_38,33.59,1
0_2297,7.96,0
0_946,3.5,0
1_214,11.61,1
0_977,12.98,0
2_66,75.07,2
0_631,8.96,0
0_1352,18.11,0
0_906,11.57,0
0_1990,10.58,0
0_2179,4.91,0
0_170,14.19,0
2_25,66.81,2
1_511,60.84,1
2_157,46.65,2
0_1840,19.18,0
0_1016,6.19,0
0_1525,12.9,0
0_307,8.9,0
0_1366,13.94,0
0_1854,14.76,0
0_1692,5.66,0
1_225,30.97,1
2_140,180.17,2
0_1640,6.94,0
0_1658,33.72,0
0_298,20.22,0
0_1342,17.0,0
1_160,32.18,1
1_708,33.67,1
0_36,5.44,0
0_925,17.25,0
0_2080,17.87,0
1_35,48.8,1
0_1218,9.68,0
0_1940,19.88,0
0_2239,5.33,0
1_261,22.78,1
0_336,2.99,0
0_396,4.51,0
0_1114,8.12,0
0_1779,0.61,0
0_1630,5.39,0
1_353,11.78,1
1_100,6.99,1
0_1419,8.52,0
0_1993,9.32,0
0_2056,20.04,0
1_228,32.46,1
1_4,5.41,1
0_864,4.67,0
1_673,14.39,1
0_443,4.79,0
1_641,3.45,1
2_194,181.24,2
0_857,9.84,0
0_258,25.98,0
1_676,36.67,1
0_823,10.0,0
2_167,58.31,2
0_1438,9.75,0
0_154,1.48,0
1_362,50.99,1
0_968,11.81,0
0_301,3.03,0
1_283,29.81,1
2_38,53.45,2
0_2142,2.36,0
0_2051,17.84,0
0_666,8.98,0
1_494,13.35,1
1_312,55.67,1
0_1482,30.83,0
2_104,188.56,2
2_97,55.04,2
0_1979,4.79,0
1_54,11.49,1
2_141,111.97,2
0_2004,13.37,0
0_1341,17.61,0
2_173,146.61,2
1_514,29.38,1
0_677,15.4,0
0_2072,12.67,0
0_1659,3.05,0
0_1275,7.92,0
0_1411,3.84,0
0_1538,20.04,0
0_237,29.88,0
0_1083,8.1,0
1_418,29.48,1
1_172,28.79,1
1_506,10.22,1
0_1138,17.47,0
1_432,12.4,1
0_2224,9.71,0
1_704,27.82,1
0_728,20.1,0
0_2120,9.96,0
0_638,12.93,0
1_264,9.75,1
0_1575,29.22,0
0_1506,10.08,0
0_1690,2.22,0
0_222,14.66,0
0_2082,7.13,0
0_1509,10.49,0
1_361,29.51,1
0_1399,2.72,0
0_703,11.52,0
1_533,4.64,1
0_1590,14.28,0
0_1881,18.22,0
1_470,14.53,1
1_360,14.69,1
0_2088,9.25,0
1_420,7.65,1
0_506,2.12,0
0_360,23.35,0
1_127,24.16,1
0_2223,28.55,0
0_327,4.46,0
1_416,75.59,1
1_173,35.9,1
0_1919,6.28,0
0_1036,18.82,0
0_529,11.37,0
1_618,17.51,1
0_1502,11.68,0
0_1139,19.34,0
0_901,18.45,0
0_1240,11.32,0
0_2242,6.03,0
0_2275,13.53,0
0_1168,7.04,0
0_515,23.26,0
0_1452,13.47,0
2_224,31.12,2
0_1053,8.19,0
0_642,14.15,0
0_1597,12.04,0
0_1720,18.69,0
0_922,3.83,0
0_450,4.8,0
0_1667,9.67,0
2_192,77.17,2
0_1376,8.32,0
0_1995,3.3,0
0_312,11.19,0
0_966,11.81,0
0_387,5.87,0
0_1751,17.61,0
0_1347,7.44,0
0_30,11.54,0
0_1203,26.97,0
1_414,28.1,1
0_859,13.22,0
1_504,45.98,1
0_1958,15.74,0
0_1103,8.32,0
0_223,19.07,0
2_2,57.45,2
0_346,3.39,0
0_683,18.66,0
0_438,13.98,0
0_1253,24.32,0
0_984,2.67,0
0_1572,18.05,0
2_92,159.64,2
0_644,7.77,0
0_651,3.33,0
0_996,9.23,0
0_1694,12.56,0
1_725,6.31,1
0_1954,33.26,0
0_1015,8.98,0
0_1142,10.17,0
2_84,64.7,2
0_1005,18.46,0
0_400,25.84,0
2_63,70.28,2
0_865,32.02,0
0_994,9.9,0
0_570,4.46,0
1_106,16.85,1
0_2058,13.83,0
0_2186,17.91,0
0_771,12.55,0
0_1878,4.71,0
0_956,9.2,0
1_300,41.21,1
1_587,47.17,1
0_1514,10.02,0
0_1945,23.61,0
1_576,21.91,1
1_185,50.76,1
0_1841,1.72,0
0_549,1.8,0
2_67,169.61,2
1_142,19.78,1
0_779,17.5,0
0_1858,2.68,0
1_190,18.2,1
0_1126,2.58,0
0_1085,4.98,0
1_188,15.45,1
2_58,38.9,2
0_1634,16.71,0
0_96,13.93,0
0_530,24.14,0
0_1322,2.64,0
0_175,18.98,0
0_1518,4.97,0
0_130,8.17,0
1_682,40.42,1
0_2032,9.5,0
0_449,15.36,0
0_814,9.16,0
1_161,14.05,1
1_196,21.17,1
0_795,8.07,0
0_1370,10.3,0
0_1507,9.47,0
0_1533,16.1,0
0_1296,9.68,0
0_1262,18.61,0
1_249,27.98,1
0_125,29.41,0
0_749,19.72,0
1_78,42.71,1
1_359,51.11,1
0_37,25.24,0
1_517,27.55,1
2_165,178.25,2
T_0,-1.0,0
0_2205,4.71,0
0_1209,13.5,0
0_611,12.95,0
0_604,18.24,0
0_1870,8.27,0
1_313,10.21,1
1_602,35.83,1
2_68,69.81,2
1_56,44.07,1
0_1845,14.41,0
0_1446,21.44,0
0_1408,9.24,0
1_341,18.73,1
0_1324,18.27,0
0_632,3.53,0
0_914,3.14,0
1_3,40.89,1
0_1113,6.7,0
0_38,8.7,0
0_1310,12.33,0
0_367,11.61,0
0_1928,11.24,0
0_1141,8.54,0
0_1974,5.95,0
0_2036,0.62,0
0_707,6.45,0
0_103,28.67,0
0_615,20.72,0
1_613,36.4,1
0_1814,7.18,0
0_205,3.95,0
0_2247,3.76,0
0_1540,3.47,0
0_1219,10.99,0
0_1263,11.51,0
0_64,22.61,0
0_1076,8.26,0
0_280,7.46,0
1_406,22.96,1
1_120,10.95,1
0_2111,12.85,0
1_174,7.69,1
0_921,16.49,0
0_1762,18.03,0
0_897,17.18,0
0_362,10.0,0
0_1632,8.97,0
0_2046,21.61,0
2_91,61.06,2
0_2264,14.61,0
0_91,10.46,0
0_1541,27.39,0
0_900,3.93,0
0_1530,6.6,0
1_688,18.45,1
0_1479,20.16,0
1_145,30.68,1
0_1388,25.81,0
0_659,20.06,0
0_1904,10.43,0
0_1405,15.52,0
0_1044,9.88,0
0_212,20.15,0
0_1449,2.4,0
2_138,193.89,2
0_278,31.19,0
2_96,44.06,2
0_1765,18.22,0
0_1571,1.01,0
0_1,7.91,0
0_2177,15.25,0
0_774,17.42,0
1_639,9.23,1
0_40,2.81,0
0_419,4.83,0
1_578,17.22,1
0_448,3.93,0
0_137,3.35,0
0_2249,29.47,0
0_2061,7.29,0
0_1335,7.93,0
1_219,6.51,1
0_1558,7.4,0
0_518,7.38,0
0_2307,5.3,0
0_105,28.23,0
0_516,10.64,0
0_143,9.3,0
0_2092,10.14,0
0_830,5.68,0
0_1430,3.21,0
1_525,18.26,1
1_658,69.27,1
0_1066,16.72,0
0_2152,8.0,0
1_373,33.93,1
0_601,17.38,0
0_2101,7.14,0
0_1964,11.46,0
0_1384,25.96,0
1_675,35.65,1
0_1617,6.22,0
0_1523,11.07,0
0_710,3.2,0
0_815,14.05,0
1_57,11.2,1
0_2304,20.98,0
0_1847,19.43,0
0_1934,13.59,0
1_272,37.93,1
0_1123,18.93,0
0_1321,13.18,0
2_221,95.2,2
0_1923,9.05,0
0_790,13.11,0
0_796,9.11,0
0_526,5.27,0
0_186,11.64,0
0_1090,7.27,0
1_601,10.16,1
0_2075,12.26,0
0_722,38.27,0
0_809,6.1,0
2_95,128.2,2
0_572,18.21,0
0_2099,5.57,0
0_1382,15.7,0
0_2190,17.26,0
0_1188,15.73,0
1_714,24.85,1
0_1795,24.29,0
0_1999,6.42,0
0_1223,5.17,0
0_1584,7.8,0
0_384,12.02,0
0_1266,10.37,0
0_2178,7.62,0
0_20,28.04,0
2_110,98.26,2
0_264,2.65,0
1_586,47.99,1
0_1333,7.79,0
1_421,54.22,1
1_133,10.94,1
0_821,32.06,0
0_463,8.59,0
1_320,25.75,1
0_1767,10.59,0
0_1206,8.17,0
0_1096,3.29,0
0_80,6.17,0
0_603,4.03,0
0_281,6.29,0
0_1097,21.35,0
0_650,2.47,0
0_241,15.19,0
0_533,4.87,0
0_782,5.1,0
0_1173,12.83,0
1_728,19.96,1
0_665,17.19,0
0_1865,13.01,0
1_105,44.09,1
0_1236,7.32,0
0_102,5.06,0
1_154,4.56,1
1_321,35.47,1
2_188,133.86,2
2_133,63.98,2
0_1734,2.27,0
0_750,4.29,0
0_1288,13.5,0
1_328,22.82,1
1_515,4.59,1
0_421,6.23,0
1_499,31.24,1
0_949,11.43,0
0_2123,15.24,0
0_880,18.37,0
0_1378,29.08,0
0_405,2.53,0
0_2143,2.16,0
2_130,85.41,2
0_1581,17.55,0
0_695,8.92,0
0_2119,14.29,0
0_1652,20.29,0
0_1246,10.08,0
0_77,7.79,0
1_523,37.36,1
1_612,61.78,1
1_423,18.18,1
0_1781,6.7,0
1_438,28.65,1
0_895,16.92,0
0_1371,20.24,0
0_2280,9.66,0
1_436,38.31,1
0_896,4.61,0
0_1986,24.61,0
1_7,50.73,1
2_229,115.03,2
1_732,24.71,1
0_1747,11.6,0
0_198,16.41,0
0_1455,2.69,0
0_1249,18.06,0
0_655,2.27,0
0_1491,7.18,0
0_800,8.32,0
0_1790,23.53,0
0_1968,3.73,0
0_1622,28.1,0
1_489,18.43,1
1_604,5.88,1
0_83,4.3,0
0_953,3.16,0
1_679,28.83,1
0_129,29.44,0
0_2206,6.58,0
1_230,5.52,1
0_41,19.83,0
0_429,8.79,0
1_237,3.33,1
0_1745,9.92,0
0_211,7.59,0
0_1340,24.54,0
0_1009,5.6,0
0_928,13.01,0
1_132,24.07,1
1_226,15.32,1
0_2163,6.99,0
0_1135,14.52,0
0_2260,7.17,0
2_14,117.81,2
0_701,8.02,0
1_672,39.3,1
0_708,7.09,0
0_433,4.92,0
0_986,3.62,0
1_227,3.51,1
2_98,101.92,2
0_2018,5.27,0
1_269,21.67,1
0_1635,12.75,0
0_1049,0.5,0
0_304,8.38,0
0_1748,7.34,0
0_553,5.03,0
0_1056,19.1,0
0_2291,27.02,0
1_396,32.4,1
0_614,16.84,0
0_849,2.87,0
0_727,8.67,0
0_59,8.62,0
1_288,17.56,1
0_1407,26.09,0
1_291,19.96,1
0_364,15.05,0
0_1045,4.56,0
0_1898,11.99,0
0_2027,13.82,0
0_485,14.93,0
2_164,47.48,2
1_124,7.42,1
0_754,12.32,0
0_1787,4.35,0
1_306,30.05,1
0_1867,29.88,0
0_2108,4.92,0
0_702,10.51,0
2_4,265.42,2
0_1186,9.66,0
0_246,12.36,0
0_2131,19.0,0
0_383,4.08,0
0_2023,7.91,0
0_1759,11.96,0
0_1922,10.15,0
1_634,21.12,1
1_409,63.79,1
0_1182,7.38,0
0_1379,3.1,0
0_56,5.21,0
0_2147,4.6,0
2_50,78.93,2
0_1424,16.11,0
1_194,33.4,1
0_1489,18.23,0
0_1647,4.01,0
1_703,32.35,1
0_913,18.64,0
0_2148,13.78,0
0_1107,10.36,0
0_600,26.6,0
0_944,6.02,0
0_1984,17.59,0
0_1600,18.95,0
0_180,13.83,0
0_883,9.37,0
0_1300,25.19,0
0_1216,17.62,0
0_1427,1.54,0
0_187,18.08,0
0_1334,12.92,0
0_466,11.27,0
0_845,11.18,0
2_182,156.89,2
0_547,10.83,0
1_450,38.84,1
0_839,11.9,0
0_1892,16.52,0
0_1777,4.1,0
0_1862,4.78,0
2_80,148.72,2
1_488,39.25,1
0_1037,27.73,0
1_55,10.91,1
0_2233,3.23,0
2_143,51.3,2
0_697,7.77,0
0_1943,31.22,0
0_292,6.73,0
1_563,28.42,1
0_1574,6.5,0
0_829,14.35,0
0_1643,20.84,0
0_1252,19.38,0
0_453,7.53,0
0_1398,10.3,0
2_29,81.39,2
0_1730,1.3,0
0_324,10.59,0
1_671,50.16,1
2_51,75.28,2
0_1675,23.22,0
0_348,6.34,0
1_126,8.03,1
0_1608,10.58,0
0_1620,3.12,0
1_522,20.56,1
0_2135,19.7,0
0_470,17.45,0
0_1297,7.27,0
0_273,3.09,0
1_415,6.0,1
2_237,79.73,2
0_1613,3.51,0
1_558,16.82,1
0_236,6.65,0
2_198,44.73,2
0_860,10.14,0
1_82,26.79,1
0_938,17.51,0
1_390,6.03,1
0_93,6.78,0
0_1982,33.09,0
0_43,14.03,0
1_425,8.07,1
0_1796,30.91,0
0_256,3.78,0
0_1463,4.7,0
0_2055,26.96,0
1_276,32.27,1
0_1351,17.1,0
0_1623,20.81,0
2_213,141.95,2
0_537,10.22,0
1_575,26.01,1
0_239,23.73,0
0_905,6.67,0
1_351,27.55,1
0_1828,20.9,0
0_822,7.39,0
0_1316,19.78,0
0_621,1.97,0
0_1014,10.91,0
0_577,4.06,0
0_1428,10.08,0
0_725,13.3,0
1_295,21.1,1
0_881,18.91,0
0_411,2.5,0
0_1453,9.84,0
0_686,9.34,0
0_2020,8.39,0
0_1676,4.02,0
0_1189,10.41,0
0_414,5.06,0
1_50,24.98,1
1_191,29.24,1
2_234,65.06,2
0_640,12.58,0
1_571,19.59,1
0_1917,18.7,0
1_363,11.22,1
0_1410,9.87,0
1_334,15.52,1
1_611,35.07,1
0_1169,8.58,0
0_726,7.5,0
2_28,181.66,2
1_520,13.52,1
0_687,4.71,0
1_556,15.81,1
0_215,2.7,0
2_236,46.22,2
0_1356,11.27,0
0_1160,8.02,0
0_675,2.69,0
0_524,10.66,0
0_987,7.3,0
0_2022,4.45,0
1_736,58.83,1
0_863,17.6,0
0_66,5.83,0
0_1306,1.54,0
0_1628,14.29,0
0_1295,5.92,0
0_53,19.52,0
2_203,173.72,2
0_2002,1.76,0
1_701,33.72,1
0_16,18.9,0
0_1818,18.55,0
0_1682,5.28,0
0_1994,18.57,0
0_684,15.11,0
0_1210,3.77,0
0_645,5.83,0
0_1330,3.55,0
0_997,3.51,0
0_141,0.84,0
0_62,14.63,0
0_71,3.32,0
0_2276,30.84,0
0_2105,7.91,0
0_988,16.6,0
0_1265,8.98,0
2_145,104.42,2
0_2298,3.62,0
1_175,25.44,1
1_733,22.05,1
0_31,24.75,0
0_1657,7.53,0
0_563,2.34,0
1_430,8.58,1
0_729,11.19,0
0_1281,9.55,0
0_2089,9.23,0
1_77,12.14,1
0_2127,27.77,0
1_216,30.72,1
0_1794,22.23,0
2_223,86.05,2
0_2114,6.23,0
0_1997,18.12,0
1_711,34.08,1
0_139,21.03,0
0_308,5.02,0
0_1817,1.76,0
0_1317,10.47,0
1_181,19.21,1
0_188,31.52,0
0_1448,3.56,0
1_600,21.35,1
2_171,106.1,2
0_1172,6.03,0
0_499,31.64,0
0_1966,20.95,0
2_177,224.76,2
1_345,17.32,1
1_325,6.04,1
0_2087,4.09,0
1_502,5.78,1
0_924,12.86,0
0_1504,9.94,0
0_1454,6.19,0
0_234,3.58,0
0_1298,5.91,0
0_1293,6.98,0
0_1615,18.88,0
0_251,17.03,0
0_671,20.19,0
0_1666,13.06,0
0_2308,7.48,0
0_1099,7.23,0
0_204,1.28,0
0_151,2.48,0
1_534,19.35,1
1_706,24.48,1
0_1235,11.73,0
0_652,4.72,0
0_1353,9.51,0
0_2184,4.99,0
0_734,30.16,0
0_2112,14.3,0
1_627,46.4,1
0_2188,3.67,0
1_727,24.52,1
1_0,18.65,1
0_2158,1.75,0
0_693,21.29,0
0_637,7.11,0
0_869,8.89,0
0_1251,10.12,0
0_1100,28.88,0
0_1003,7.83,0
2_93,128.16,2
0_1493,10.12,0
1_296,36.09,1
0_699,3.98,0
0_2151,6.91,0
1_397,27.8,1
0_759,32.53,0
0_1897,19.4,0
0_1648,28.81,0
1_468,27.84,1
1_530,5.77,1
0_1524,3.59,0
0_2278,10.87,0
0_1418,13.65,0
0_911,1.39,0
1_483,75.0,1
0_1516,32.02,0
0_1214,1.85,0
0_190,4.73,0
0_1784,12.12,0
0_581,5.23,0
2_121,71.98,2
2_85,220.25,2
0_1835,18.38,0
2_72,197.06,2
0_1328,3.05,0
1_43,27.87,1
0_1843,17.95,0
1_40,32.77,1
0_1134,8.45,0
0_1822,14.23,0
0_1708,5.78,0
0_1834,21.14,0
0_974,24.62,0
0_1387,3.24,0
0_785,13.15,0
0_468,20.28,0
1_664,12.91,1
0_1602,5.08,0
1_490,45.16,1
0_90,28.87,0
0_425,9.21,0
1_168,18.88,1
0_1508,13.32,0
2_71,166.81,2
0_1143,2.43,0
0_1311,5.53,0
0_181,3.02,0
0_1047,25.33,0
0_306,16.22,0
0_111,3.61,0
0_394,24.58,0
1_635,27.34,1
0_1674,8.86,0
0_447,34.6,0
1_585,37.7,1
0_616,17.04,0
0_1899,26.6,0
0_45,11.08,0
0_971,7.47,0
0_1474,11.92,0
0_838,19.07,0
0_199,9.13,0
0_1017,14.32,0
0_297,13.87,0
0_457,6.39,0
2_5,98.91,2
0_1215,4.34,0
1_113,20.31,1
0_2214,3.53,0
0_1596,16.99,0
1_677,10.4,1
0_184,19.33,0
0_1018,2.35,0
1_620,8.94,1
0_1358,8.39,0
0_1560,11.36,0
0_1032,5.02,0
0_619,14.94,0
0_892,3.75,0
1_645,22.16,1
0_404,10.73,0
0_667,2.66,0
1_14,25.42,1
0_1921,3.4,0
0_1868,10.68,0
0_272,6.33,0
0_959,10.63,0
0_1222,20.84,0
0_2244,5.27,0
1_235,16.32,1
0_801,15.58,0
0_1601,10.46,0
0_2116,15.76,0
2_147,138.86,2
1_287,19.2,1
0_61,17.45,0
0_850,15.23,0
2_44,48.55,2
0_1830,14.67,0
0_1687,1.37,0
0_276,2.28,0
0_1695,27.85,0
0_408,4.73,0
1_187,39.58,1
0_2221,17.27,0
1_327,40.88,1
0_1829,20.47,0
1_258,21.23,1
0_663,9.93,0
0_2060,22.7,0
1_233,5.35,1
2_12,151.09,2
0_535,8.81,0
2_186,59.85,2
0_1467,1.5,0
0_94,11.01,0
0_1656,6.55,0
0_1887,14.16,0
0_2083,12.42,0
1_236,7.13,1
1_705,27.32,1
1_144,26.75,1
0_115,11.33,0
0_2014,8.91,0
0_812,3.84,0
1_25,12.82,1
0_1703,8.97,0
1_472,54.87,1
0_1550,21.08,0
1_549,29.29,1
0_2012,10.97,0
1_717,53.08,1
0_1587,15.32,0
0_1431,15.12,0
1_253,36.43,1
1_656,30.79,1
1_290,33.64,1
0_1972,6.25,0
0_617,20.31,0
0_1685,13.22,0
1_86,8.07,1
1_449,2.94,1
1_661,25.42,1
0_1792,9.86,0
1_115,7.07,1
0_2289,21.02,0
0_551,20.12,0
0_1064,13.46,0
2_195,52.67,2
0_780,9.02,0
1_15,47.49,1
1_512,44.03,1
0_2034,31.59,0
2_150,131.89,2
0_758,12.41,0
1_466,7.25,1
0_1857,4.02,0
1_247,25.8,1
0_403,6.37,0
0_1754,16.65,0
2_45,71.57,2
0_2043,11.51,0
0_1925,5.26,0
0_95,3.15,0
0_2044,12.36,0
0_1735,25.87,0
1_208,23.63,1
0_2197,16.96,0
0_560,17.35,0
0_594,14.66,0
0_1891,25.24,0
1_569,14.38,1
1_444,32.87,1
0_2293,2.55,0
1_207,12.49,1
1_570,31.54,1
1_480,40.6,1
0_2273,26.81,0
2_46,105.57,2
0_25,9.75,0
0_1941,16.29,0
0_770,22.13,0
2_196,55.58,2
0_1073,18.16,0
0_97,28.3,0
0_1233,13.12,0
0_1196,3.55,0
0_1969,0.78,0
0_2194,8.77,0
0_1063,2.52,0
2_48,147.46,2
0_178,22.68,0
0_2063,11.42,0
0_714,10.68,0
2_61,81.33,2
0_1860,7.65,0
0_2180,13.72,0
0_1435,6.61,0
1_36,15.81,1
1_318,40.51,1
0_1343,3.97,0
0_459,28.14,0
0_1409,3.87,0
0_265,1.59,0
2_132,143.42,2
0_1883,6.88,0
0_1495,27.79,0
0_168,34.34,0
0_685,1.79,0
1_518,8.18,1
0_159,9.17,0
0_3,1.88,0
1_26,7.63,1
0_762,2.41,0
0_286,7.04,0
0_2095,1.59,0
0_357,26.89,0
0_1639,10.4,0
0_2231,15.87,0
0_629,21.31,0
1_242,8.01,1
0_1057,25.64,0
0_397,14.63,0
0_1583,15.6,0
0_2102,9.4,0
1_614,7.72,1
1_10,72.42,1
0_1579,10.37,0
1_391,13.73,1
2_124,144.92,2
1_108,32.82,1
0_579,2.67,0
1_279,39.85,1
1_693,63.07,1
1_165,18.34,1
0_1442,12.14,0
1_485,6.86,1
0_690,2.46,0
0_657,14.2,0
0_63,21.17,0
2_199,98.23,2
0_1486,6.78,0
1_687,43.93,1
0_2024,3.85,0
0_477,1.8,0
0_808,6.42,0
2_81,115.05,2
0_1413,11.83,0
0_65,21.15,0
0_768,15.46,0
0_597,7.29,0
0_1245,13.22,0
0_1458,2.44,0
0_189,21.56,0
0_534,21.28,0
0_13,10.36,0
0_748,10.38,0
0_739,5.54,0
0_1861,6.82,0
0_2141,1.87,0
0_1414,23.87,0
0_317,21.54,0
0_676,22.91,0
1_507,45.71,1
0_1354,5.78,0
0_155,2.51,0
1_248,8.88,1
0_1684,14.04,0
0_1350,13.22,0
0_303,8.87,0
0_878,3.93,0
0_1689,27.51,0
0_1432,24.91,0
0_1156,18.46,0
0_1713,3.51,0
0_455,8.01,0
1_49,13.13,1
0_70,32.0,0
0_1555,19.42,0
1_87,9.4,1
0_1722,13.33,0
1_125,9.63,1
0_407,3.75,0
0_820,6.52,0
0_1175,12.79,0
0_17,5.01,0
0_1304,6.66,0
1_198,28.3,1
0_2227,15.31,0
1_737,17.89,1
0_161,16.86,0
0_342,16.22,0
0_1598,13.06,0
0_861,5.73,0
0_527,2.42,0
0_1915,14.52,0
0_1888,15.93,0
0_1327,6.5,0
0_67,9.51,0
0_1072,5.12,0
0_1731,2.82,0
2_40,91.9,2
0_1401,33.77,0
0_266,4.03,0
0_2019,5.06,0
0_416,18.04,0
0_1355,26.43,0
0_1161,12.16,0
1_379,37.9,1
0_1272,5.17,0
0_1724,3.2,0
1_638,27.8,1
0_1439,19.08,0
0_352,26.84,0
0_856,7.83,0
0_1967,14.75,0
1_663,22.55,1
0_1180,9.07,0
0_1326,21.01,0
0_1644,15.69,0
0_140,24.68,0
0_218,5.21,0
0_590,8.82,0
0_630,4.59,0
0_1621,24.56,0
1_702,10.16,1
0_343,1.0,0
0_1041,10.64,0
0_1642,8.39,0
0_1519,7.47,0
2_55,155.23,2
1_337,6.62,1
0_689,4.4,0
0_1851,12.24,0
0_381,1.08,0
0_1031,11.99,0
0_1875,25.02,0
0_2185,27.9,0
2_128,283.28,2
0_1914,7.62,0
0_1670,5.88,0
1_177,28.44,1
1_211,12.63,1
0_2295,8.13,0
0_1111,20.95,0
0_2300,11.98,0
0_1313,8.57,0
0_1645,33.76,0
0_452,26.25,0
0_2117,6.03,0
0_1802,30.21,0
0_648,4.35,0
0_1669,11.25,0
2_161,61.21,2
2_59,52.45,2
0_1511,8.21,0
0_112,20.17,0
0_1122,2.11,0
0_81,7.67,0
0_583,1.23,0
0_117,3.68,0
0_730,6.23,0
1_685,14.13,1
0_1570,5.38,0
0_2122,8.11,0
0_2025,13.44,0
1_193,43.52,1
1_239,28.39,1
2_179,133.07,2
0_2028,24.93,0
0_1849,1.84,0
0_2026,8.04,0
0_1774,4.84,0
0_593,8.5,0
1_529,77.33,1
0_1706,13.61,0
1_45,27.43,1
0_1464,0.83,0
0_2039,8.28,0
2_184,82.62,2
0_226,4.15,0
1_603,35.41,1
0_902,7.83,0
1_407,9.77,1
1_267,11.44,1
1_39,12.97,1
1_653,44.69,1
1_103,45.27,1
0_1931,20.4,0
0_2215,12.97,0
0_1422,3.25,0
0_1517,22.56,0
0_1989,24.11,0
0_1256,4.01,0
0_420,6.94,0
0_491,10.01,0
0_432,15.53,0
0_1026,2.75,0
1_61,10.3,1
0_0,17.33,0
1_380,37.01,1
1_20,16.18,1
0_1856,13.66,0
1_690,18.74,1
0_942,7.35,0
2_122,236.6,2
0_1527,9.92,0
1_206,33.02,1
0_1181,16.91,0
1_643,49.12,1
0_1573,11.73,0
0_520,18.66,0
0_1117,3.56,0
0_1866,10.14,0
0_1704,2.55,0
0_2225,1.18,0
1_366,27.33,1
1_464,6.56,1
0_824,6.01,0
1_650,23.72,1
0_78,18.63,0
0_2241,30.18,0
0_1962,4.11,0
0_1780,7.65,0
0_668,20.9,0
0_1170,4.83,0
0_1633,8.52,0
1_428,28.4,1
0_1312,14.36,0
0_1212,5.21,0
2_207,122.11,2
1_493,9.6,1
0_1284,17.84,0
0_1074,12.05,0
0_1470,17.22,0
0_1444,6.35,0
1_246,11.71,1
1_257,25.8,1
1_110,21.96,1
0_569,9.24,0
0_538,11.87,0
0_1980,16.55,0
1_542,24.95,1
1_317,10.18,1
0_1691,13.58,0
0_1239,18.87,0
0_691,19.37,0
0_1257,7.57,0
2_181,105.45,2
0_532,4.7,0
2_116,110.57,2
0_9,12.41,0
0_610,12.78,0
1_245,34.22,1
0_10,15.24,0
0_376,26.2,0
1_199,19.53,1
2_200,112.51,2
2_209,40.11,2
0_2136,19.91,0
0_1046,12.51,0
0_1071,12.43,0
0_2146,7.96,0
1_598,23.27,1
0_788,2.08,0
0_1109,5.18,0
1_486,15.56,1
0_1052,16.39,0
0_263,9.41,0
1_240,32.45,1
0_182,4.92,0
0_1879,6.39,0
0_866,1.25,0
0_2118,4.61,0
0_1105,7.35,0
0_1325,3.91,0
0_514,9.22,0
0_341,3.2,0
0_1618,14.59,0
0_196,10.55,0
0_1033,14.34,0
0_1755,10.64,0
0_747,20.35,0
1_729,24.78,1
0_1457,1.84,0
0_2097,14.47,0
1_204,8.56,1
0_1229,5.32,0
0_950,6.73,0
1_408,12.19,1
0_1716,2.76,0
0_776,6.4,0
0_1241,2.87,0
1_64,5.01,1
0_467,5.03,0
0_688,11.14,0
1_698,46.88,1
1_427,13.14,1
0_165,19.32,0
0_1611,22.99,0
0_917,11.06,0
1_476,23.03,1
0_542,13.2,0
0_639,10.93,0
0_1546,6.81,0
1_51,18.08,1
0_1473,18.45,0
1_11,12.81,1
1_251,24.5,1
0_1315,13.73,0
1_314,19.56,1
0_1140,18.13,0
0_415,4.85,0
0_1631,24.76,0
0_909,3.04,0
2_218,99.22,2
2_77,59.02,2
0_605,19.66,0
0_1451,8.46,0
1_377,37.71,1
0_1585,24.71,0
1_716,37.27,1
0_1274,13.01,0
0_841,8.98,0
0_55,8.38,0
0_871,0.83,0
0_2171,16.76,0
2_15,99.7,2
0_2103,29.71,0
0_1513,6.91,0
0_1660,8.36,0
0_289,5.4,0
0_26,7.94,0
0_899,17.88,0
0_2243,25.45,0
2_202,114.17,2
0_350,24.3,0
1_158,20.37,1
2_183,98.54,2
1_461,20.44,1
0_746,10.97,0
0_761,23.52,0
0_833,4.33,0
0_406,9.91,0
0_332,1.26,0
0_333,13.06,0
0_2053,4.47,0
0_1625,17.91,0
0_145,17.17,0
0_200,2.49,0
0_338,2.96,0
1_709,18.1,1
0_245,2.14,0
1_479,21.8,1
1_220,8.48,1
0_1970,10.03,0
2_78,50.52,2
1_442,13.86,1
0_1951,9.78,0
0_1662,8.21,0
0_1871,37.43,0
0_339,21.0,0
0_586,5.65,0
0_608,13.28,0
1_404,13.86,1
1_500,8.13,1
1_469,53.36,1
0_2259,14.88,0
0_1318,7.36,0
0_1147,14.56,0
0_268,15.75,0
0_2229,4.41,0
1_582,15.7,1
0_784,20.98,0
2_185,46.47,2
0_958,5.59,0
0_1406,34.65,0
0_2045,20.87,0
0_973,12.29,0
0_1568,21.37,0
0_1761,13.17,0
1_531,3.83,1
0_886,3.42,0
1_304,23.65,1
0_2057,25.84,0
2_60,118.64,2
0_2175,14.24,0
0_1742,5.94,0
1_212,78.36,1
2_49,42.84,2
1_669,23.73,1
0_14,3.86,0
1_581,25.85,1
2_86,37.33,2
0_874,16.53,0
0_316,33.47,0
1_609,12.98,1
1_546,4.97,1
1_285,47.81,1
0_2303,6.27,0
0_2170,7.46,0
0_947,6.7,0
0_1529,8.57,0
1_608,51.91,1
0_1636,5.72,0
0_210,3.71,0
1_278,22.39,1
2_35,151.76,2
0_1101,10.79,0
0_76,7.8,0
0_993,7.22,0
0_1973,7.04,0
0_1483,4.48,0
0_1225,12.73,0
2_205,130.51,2
0_33,14.04,0
0_2281,4.9,0
0_1404,8.59,0
0_295,2.15,0
1_364,58.29,1
1_555,20.28,1
2_134,30.0,2
2_34,93.87,2
0_1773,3.31,0
2_151,166.2,2
2_227,70.89,2
0_2196,6.22,0
0_2016,17.92,0
0_1095,3.0,0
0_848,4.92,0
0_559,4.54,0
1_307,52.83,1
1_513,21.6,1
0_441,23.02,0
0_1089,4.45,0
1_433,12.77,1
0_49,2.93,0
0_1760,11.51,0
0_261,2.41,0
0_1184,36.11,0
0_2091,24.18,0
2_69,157.65,2
0_2209,18.72,0
0_127,23.4,0
0_1357,11.03,0
1_23,6.62,1
0_1859,4.34,0
0_1051,4.51,0
0_1727,9.93,0
0_819,10.2,0
1_146,23.21,1
0_649,10.46,0
2_216,136.27,2
1_552,37.38,1
1_83,21.86,1
0_1863,10.75,0
0_612,4.65,0
1_42,50.38,1
0_388,35.02,0
0_1809,10.69,0
0_214,15.23,0
0_2021,4.74,0
0_1610,14.52,0
0_2183,16.71,0
0_1646,17.92,0
0_818,10.34,0
0_371,7.68,0
0_1269,22.39,0
0_1737,27.65,0
0_335,18.55,0
0_1092,17.11,0
0_978,2.59,0
2_8,40.59,2
0_1075,22.85,0
0_1976,5.44,0
1_303,22.88,1
0_970,18.87,0
0_903,12.29,0
2_65,31.93,2
1_668,36.49,1
1_665,20.97,1
0_1729,16.08,0
0_2157,1.97,0
0_1837,8.25,0
0_2081,0.93,0
1_305,31.71,1
0_474,5.61,0
0_1564,4.89,0
0_108,20.7,0
2_19,77.63,2
1_554,16.21,1
0_502,18.83,0
0_228,10.26,0
0_375,7.88,0
1_560,25.63,1
1_241,12.5,1
0_1469,9.45,0
0_672,8.75,0
0_238,4.43,0
1_591,42.22,1
0_954,4.55,0
0_1626,18.81,0
1_265,30.66,1
0_2173,1.4,0
0_1270,5.34,0
0_732,18.1,0
0_566,7.62,0
0_252,17.96,0
1_137,13.24,1
0_1254,4.68,0
0_2189,15.24,0
0_285,10.54,0
0_1377,18.89,0
0_2305,21.06,0
0_767,9.79,0
0_100,15.02,0
0_475,1.45,0
1_371,18.59,1
1_53,21.1,1
0_300,5.88,0
0_1732,16.63,0
2_42,56.64,2
0_2282,1.95,0
1_510,32.67,1
1_184,25.35,1
0_2288,10.65,0
1_691,28.54,1
0_1429,5.32,0
0_1208,11.92,0
0_302,4.72,0
0_1813,10.24,0
1_623,47.05,1
1_731,29.54,1
0_39,8.21,0
0_1207,8.95,0
0_595,25.35,0
2_120,157.57,2
0_1783,12.85,0
0_393,4.5,0
1_63,25.88,1
0_79,25.97,0
2_114,121.03,2
0_1616,21.42,0
2_10,63.6,2
0_1385,12.18,0
0_1279,7.73,0
1_718,45.31,1
1_250,9.86,1
1_649,44.1,1
0_624,13.26,0
0_1008,8.9,0
2_112,79.19,2
0_764,12.64,0
1_326,38.55,1
2_163,65.09,2
1_482,9.53,1
0_1093,22.25,0
0_2302,14.61,0
1_358,43.1,1
0_1663,3.05,0
1_319,14.06,1
0_1522,12.88,0
0_2199,4.32,0
0_787,10.72,0
0_2138,3.91,0
0_1433,9.19,0
1_537,7.77,1
0_2285,13.84,0
0_213,19.49,0
0_1978,9.31,0
0_1261,6.04,0
0_1920,10.96,0
0_744,26.45,0
0_1771,1.45,0
0_1557,4.1,0
0_1589,3.22,0
2_100,214.34,2
1_332,17.39,1
0_1080,10.63,0
0_1882,11.59,0
0_2165,10.79,0
0_412,2.96,0
0_1552,29.25,0
0_1061,11.12,0
1_435,20.19,1
0_1808,15.22,0
0_2066,5.26,0
2_137,125.5,2
0_1492,3.53,0
0_1162,4.31,0
0_1213,16.41,0
0_1276,6.08,0
0_57,9.49,0
1_477,26.36,1
0_166,5.36,0
0_1498,8.18,0
0_1855,4.76,0
0_1393,8.4,0
0_119,5.78,0
0_1232,1.99,0
2_53,142.68,2
2_37,159.9,2
0_1782,2.33,0
0_740,7.9,0
0_2106,1.91,0
1_309,61.12,1
1_155,16.66,1
0_153,9.44,0
2_193,69.13,2
1_735,41.4,1
1_579,12.92,1
1_536,80.0,1
0_1801,2.55,0
1_335,25.54,1
0_930,3.18,0
0_58,9.39,0
1_282,24.56,1
1_286,24.14,1
0_1912,5.45,0
0_1561,2.69,0
1_605,14.11,1
1_293,30.63,1
0_23,6.03,0
0_1402,23.88,0
1_630,4.75,1
0_678,4.38,0
0_2145,5.33,0
0_160,10.98,0
0_169,7.4,0
0_2265,25.24,0
0_158,13.67,0
2_206,138.59,2
0_185,5.35,0
0_492,2.26,0
0_2172,11.45,0
0_1000,14.38,0
1_441,2.0,1
0_1946,3.32,0
0_2262,1.55,0
1_114,27.41,1
1_724,26.37,1
0_1776,13.78,0
1_121,47.12,1
0_2290,14.03,0
2_159,58.91,2
0_1250,8.78,0
0_1788,9.27,0
1_238,5.9,1
1_667,18.81,1
2_127,213.14,2
0_1998,23.55,0
0_493,15.68,0
0_290,10.83,0
2_230,190.57,2
0_224,25.15,0
0_694,1.23,0
1_71,23.99,1
0_681,13.42,0
0_1179,11.05,0
0_1769,4.53,0
0_1831,23.46,0
1_195,28.55,1
0_271,6.47,0
0_2126,3.7,0
0_1869,5.15,0
0_1002,8.65,0
1_85,3.7,1
1_662,10.33,1
0_2113,0.63,0
0_789,7.07,0
1_84,34.66,1
0_2090,15.41,0
0_556,14.24,0
1_301,8.05,1
0_1819,9.56,0
0_1314,14.78,0
1_615,21.97,1
0_494,16.56,0
0_894,12.68,0
0_1065,5.19,0
1_21,21.13,1
0_262,5.33,0
0_1204,34.69,0
1_451,32.99,1
1_104,44.86,1
0_1084,4.55,0
1_644,24.37,1
0_1195,8.51,0
0_247,5.78,0
0_775,12.16,0
2_190,120.69,2
1_621,46.38,1
0_150,3.02,0
0_54,2.44,0
0_1681,4.43,0
1_200,21.98,1
0_89,19.58,0
0_144,11.18,0
0_1145,7.18,0
1_487,23.84,1
2_233,59.98,2
0_736,14.34,0
0_1959,3.43,0
1_541,10.59,1
0_1392,21.46,0
2_160,172.5,2
0_1294,15.88,0
0_1164,18.82,0
0_395,2.58,0
0_288,9.9,0
0_720,22.71,0
0_2277,12.92,0
0_430,8.95,0
1_655,25.11,1
0_2052,14.51,0
0_523,17.04,0
0_846,6.53,0
0_2251,4.51,0
1_333,30.38,1
1_622,9.96,1
0_498,9.47,0
0_957,7.82,0
0_235,5.15,0
0_1711,11.34,0
0_257,6.37,0
0_171,17.25,0
0_877,21.64,0
0_1383,11.76,0
0_2029,38.52,0
1_503,7.65,1
0_1668,10.86,0
1_647,5.3,1
0_1580,20.03,0
0_1629,4.9,0
0_715,1.15,0
1_101,46.09,1
0_216,11.77,0
1_68,18.67,1
0_1594,5.6,0
1_567,51.04,1
0_1910,20.44,0
0_248,7.67,0
0_1721,2.13,0
1_122,15.37,1
0_311,9.2,0
0_937,11.23,0
2_212,66.37,2
0_86,7.46,0
0_8,18.94,0
0_620,10.48,0
0_517,14.89,0
0_1719,6.78,0
0_282,5.52,0
0_1247,24.27,0
0_1714,20.28,0
1_223,36.65,1
0_4,7.22,0
1_543,14.24,1
0_2000,13.86,0
0_454,18.04,0
0_508,8.52,0
1_375,24.38,1
0_2296,4.29,0
0_1499,8.86,0
0_1060,10.8,0
0_2220,20.29,0
1_545,40.12,1
0_2048,7.1,0
1_495,4.65,1
0_2299,11.79,0
1_44,15.69,1
1_62,12.5,1
1_678,16.83,1
0_1042,12.52,0
0_2216,8.31,0
1_59,21.53,1
1_738,13.07,1
0_934,11.98,0
1_147,76.69,1
0_142,4.39,0
1_270,4.91,1
2_9,137.49,2
2_41,132.49,2
0_106,13.91,0
0_1758,0.77,0
1_69,45.16,1
0_1763,5.83,0
0_294,2.6,0
0_173,13.61,0
1_79,26.04,1
0_1178,12.66,0
1_109,28.46,1
2_24,222.28,2
0_1665,18.46,0
0_2139,3.95,0
0_1082,10.33,0
0_1480,12.88,0
0_2071,7.38,0
0_322,10.44,0
0_2228,14.11,0
0_1364,12.19,0
0_164,7.38,0
0_2238,19.7,0
0_1386,9.11,0
0_963,6.57,0
0_458,10.81,0
0_1094,12.76,0
0_479,4.92,0
2_99,150.37,2
0_60,8.21,0
0_501,9.8,0
0_2007,4.11,0
1_419,25.7,1
1_689,39.26,1
0_1019,19.05,0
0_353,17.9,0
1_201,68.71,1
0_313,3.11,0
0_1512,3.75,0
0_1137,13.02,0
1_599,7.54,1
0_162,19.71,0
0_1672,19.03,0
1_393,44.19,1
0_755,14.14,0
1_692,30.6,1
0_889,26.73,0
1_471,38.63,1
1_395,4.24,1
0_2195,19.03,0
0_858,11.12,0
2_166,138.59,2
0_1975,12.35,0
0_1277,11.95,0
0_44,15.17,0
0_1651,16.7,0
0_1308,13.86,0
0_656,14.95,0
1_130,21.01,1
1_213,7.87,1
0_2006,19.88,0
0_1081,9.56,0
0_1717,22.83,0
0_2254,12.43,0
0_885,11.04,0
1_234,10.46,1
0_2070,13.82,0
0_1567,30.29,0
0_519,7.02,0
0_1146,7.17,0
0_2292,20.89,0
0_507,12.93,0
0_314,4.83,0
1_224,9.01,1
1_457,9.76,1
1_218,21.2,1
0_1599,15.88,0
0_122,10.09,0
0_378,3.71,0
0_1441,9.6,0
0_543,1.51,0
0_177,7.11,0
1_516,49.3,1
0_2279,6.31,0
0_1148,11.2,0
0_545,7.62,0
1_629,29.74,1
0_1106,2.91,0
2_64,85.49,2
0_461,16.67,0
0_1893,20.62,0
0_12,14.49,0
0_661,12.93,0
0_116,3.98,0
1_315,13.43,1
0_807,6.18,0
0_1637,3.5,0
0_1360,16.5,0
0_512,4.51,0
2_118,144.14,2
0_2130,14.69,0
1_544,22.42,1
0_1728,10.46,0
0_1965,5.02,0
0_1750,15.67,0
0_879,13.01,0
0_1440,32.62,0
0_1526,2.61,0
1_131,7.61,1
1_263,50.48,1
0_692,10.93,0
0_310,6.47,0
0_2294,38.16,0
0_1230,11.26,0
0_873,4.88,0
1_596,9.68,1
2_106,226.52,2
0_1412,1.42,0
0_2208,11.23,0
1_501,20.75,1
0_724,15.46,0
2_201,42.84,2
0_1909,6.08,0
2_20,117.02,2
0_1299,5.84,0
0_2198,8.98,0
1_30,3.91,1
0_544,14.77,0
1_378,11.46,1
0_1500,21.27,0
0_1373,16.08,0
2_169,168.37,2
0_392,13.85,0
0_481,5.64,0
0_1846,30.8,0
0_1536,27.32,0
0_709,1.12,0
2_6,96.01,2
0_110,2.32,0
0_496,15.65,0
0_1544,5.49,0
0_1415,15.55,0
0_1901,10.53,0
0_981,11.38,0
0_437,22.27,0
0_1159,18.18,0
1_202,7.29,1
0_1749,7.34,0
0_232,3.31,0
1_350,51.77,1
1_348,6.69,1
1_619,19.62,1
0_1736,11.0,0
0_1331,15.48,0
0_1497,14.94,0
0_2009,9.9,0
2_111,182.21,2
0_72,31.9,0
0_34,14.49,0
2_11,101.73,2
0_912,1.84,0
0_483,8.1,0
0_193,17.37,0
0_609,10.44,0
1_149,11.26,1
1_159,31.36,1
0_2132,3.76,0
0_1586,11.91,0
0_2110,15.24,0
0_1174,2.78,0
1_141,15.57,1
0_646,3.23,0
1_455,30.27,1
0_875,0.51,0
1_280,35.3,1
1_243,33.98,1
1_636,22.39,1
0_1935,11.86,0
0_1118,15.88,0
0_1171,2.19,0
0_1027,13.9,0
0_1231,9.93,0
1_365,31.96,1
0_1604,23.12,0
0_2049,19.81,0
1_411,48.15,1
1_439,13.18,1
0_1894,12.26,0
2_232,99.2,2
0_1609,27.83,0
1_16,19.48,1
0_270,39.67,0
0_147,23.82,0
0_2203,16.03,0
0_442,9.35,0
2_62,300.0,2
0_817,13.76,0
1_88,11.13,1
0_718,12.33,0
0_618,10.52,0
0_765,6.24,0
0_1853,2.46,0
0_233,18.85,0
0_1725,11.77,0
2_94,195.57,2
0_197,4.33,0
1_681,46.77,1
0_1752,6.76,0
0_2035,4.41,0
0_1844,3.82,0
1_460,9.28,1
0_2267,5.71,0
1_298,25.5,1
0_658,7.85,0
2_153,63.01,2
0_323,10.39,0
1_95,31.47,1
0_990,9.71,0
2_225,41.71,2
0_778,8.04,0
2_220,76.7,2
0_2270,9.82,0
0_2064,18.31,0
1_659,39.24,1
0_1485,6.73,0
1_583,8.24,1
0_1487,19.55,0
1_505,17.28,1
0_1942,22.44,0
0_1332,8.53,0
0_1006,6.95,0
0_999,5.36,0
1_422,16.99,1
0_2038,17.62,0
0_1149,21.43,0
0_1302,5.68,0
0_1466,3.37,0
1_410,3.79,1
0_721,29.76,0
0_1885,5.02,0
1_473,19.77,1
1_336,33.25,1
0_2226,7.14,0
0_439,5.75,0
0_1155,2.69,0
0_1337,3.33,0
0_123,9.93,0
0_884,4.61,0
0_1048,4.26,0
0_1345,20.24,0
0_75,7.97,0
0_2235,10.35,0
0_1305,3.88,0
0_2219,12.41,0
0_992,1.94,0
0_585,11.7,0
0_356,22.83,0
1_107,31.52,1
0_2059,14.17,0
0_943,8.67,0
1_580,19.64,1
0_191,2.39,0
1_413,31.5,1
0_1244,16.72,0
0_2213,4.12,0
0_368,14.88,0
0_465,6.05,0
0_531,4.72,0
0_138,8.53,0
0_434,9.41,0
0_254,8.7,0
0_1217,5.29,0
1_564,13.5,1
0_1971,35.76,0
0_1543,4.43,0
1_697,9.67,1
0_48,3.84,0
0_1039,19.09,0
0_2153,11.61,0
0_157,16.49,0
2_231,85.39,2
0_882,4.66,0
0_1088,6.86,0
1_33,50.05,1
1_519,18.93,1
0_1715,22.1,0
0_1268,15.21,0
0_1768,4.49,0
0_827,8.8,0
0_1955,11.14,0
0_972,9.76,0
0_1740,10.45,0
0_242,12.0,0
0_456,31.72,0
0_654,7.57,0
0_941,5.72,0
1_590,27.25,1
1_478,20.66,1
0_813,12.82,0
0_2161,4.74,0
2_52,133.68,2
0_571,15.97,0
1_111,28.46,1
0_1197,11.21,0
0_299,11.62,0
1_465,7.67,1
0_1271,17.04,0
0_221,3.54,0
0_733,3.08,0
2_175,47.26,2
0_933,16.19,0
0_2271,1.12,0
2_155,130.2,2
1_8,15.35,1
0_918,4.38,0
0_2306,9.19,0
0_1285,19.2,0
0_1985,8.49,0
1_719,13.12,1
0_1738,2.09,0
0_1569,17.62,0
2_101,101.72,2
0_1476,3.15,0
0_2168,8.62,0
0_1992,3.39,0
0_172,12.13,0
1_722,11.04,1
0_1420,16.7,0
0_1592,19.72,0
0_1562,10.74,0
0_1653,9.68,0
0_487,3.5,0
0_2041,2.76,0
0_1903,8.84,0
0_1833,8.79,0
0_345,12.31,0
2_215,58.01,2
0_554,6.55,0
1_538,24.04,1
0_128,2.63,0
0_1605,10.61,0
0_2222,3.12,0
0_1067,10.03,0
0_717,20.88,0
0_361,3.63,0
2_139,119.85,2
0_2085,11.56,0
0_2050,6.11,0
0_428,12.61,0
0_1490,5.46,0
1_221,23.15,1
0_480,25.61,0
0_923,8.35,0
0_548,4.23,0
1_311,11.64,1
0_940,8.63,0
0_1950,20.09,0
1_551,41.73,1
0_1129,25.25,0
1_171,24.25,1
0_426,27.27,0
0_628,9.52,0
0_1916,23.92,0
1_47,4.83,1
2_21,164.79,2
0_602,4.32,0
0_194,10.86,0
2_131,123.21,2
0_2218,17.02,0
1_166,35.14,1
1_481,15.24,1
1_384,7.86,1
0_969,7.8,0
1_99,36.1,1
1_440,18.56,1
0_2121,14.73,0
0_269,11.99,0
1_680,23.62,1
1_58,17.47,1
1_491,13.85,1
0_440,11.82,0
0_2258,18.18,0
1_642,26.2,1
0_2125,6.29,0
0_1944,15.17,0
0_315,5.92,0
0_320,13.67,0
1_189,21.74,1
0_427,18.22,0
1_474,8.91,1
1_400,19.44,1
0_358,3.66,0
1_80,21.05,1
1_640,7.34,1
0_1933,15.89,0
0_1627,16.03,0
0_1671,9.55,0
0_284,5.39,0
0_1020,9.97,0
1_526,11.99,1
0_386,5.73,0
0_1963,10.37,0
0_250,5.97,0
0_1698,12.78,0
0_409,20.4,0
0_1890,16.32,0
0_1705,20.86,0
0_1823,9.01,0
2_13,134.37,2
0_249,7.4,0
0_1426,2.63,0
0_391,0.79,0
0_1537,12.48,0
0_580,7.04,0
0_832,11.8,0
1_388,26.14,1
1_182,41.26,1
0_1641,16.81,0
1_539,27.59,1
0_1988,21.31,0
0_1192,15.76,0
1_167,11.22,1
0_887,14.29,0
0_1423,5.04,0
0_1576,13.94,0
0_2069,9.25,0
0_1125,26.32,0
0_1565,3.99,0
0_1549,20.32,0
0_1132,15.33,0
1_323,31.0,1
0_541,8.48,0
2_149,58.86,2
0_1702,18.3,0
0_1874,11.09,0
0_1876,11.23,0
0_509,12.42,0
1_150,23.98,1
0_1806,11.2,0
0_662,13.13,0
0_1059,17.24,0
0_1258,7.81,0
0_557,1.96,0
0_220,6.04,0
1_151,33.02,1
0_853,11.03,0
1_376,27.33,1
0_192,15.76,0
0_347,12.75,0
1_633,45.07,1
0_287,12.88,0
1_648,36.61,1
0_296,1.49,0
0_792,15.7,0
0_363,34.05,0
1_1,22.8,1
0_1905,3.97,0
2_178,95.95,2
0_46,7.63,0
0_622,10.38,0
0_101,6.9,0
0_636,8.99,0
0_1380,6.44,0
0_435,5.67,0
0_118,3.64,0
0_1248,12.7,0
0_267,3.85,0
1_97,38.76,1
0_2128,27.02,0
0_546,5.75,0
0_225,8.32,0
0_473,29.16,0
1_277,32.78,1
1_597,19.62,1
0_1932,2.77,0
0_318,3.66,0
0_929,9.22,0
0_1068,4.05,0
0_380,25.08,0
0_1907,1.8,0
1_734,4.48,1
1_260,45.75,1
0_1775,12.27,0
0_2073,14.39,0
1_548,3.97,1
0_1505,7.51,0
0_1805,20.76,0
0_1202,8.43,0
0_756,5.25,0
0_1619,8.5,0
0_1282,9.86,0
0_1136,24.29,0
1_308,46.35,1
1_370,45.51,1
0_2077,12.36,0
1_76,20.67,1
2_156,169.62,2
0_1812,6.07,0
0_1661,9.35,0
0_2068,5.32,0
0_1798,2.63,0
2_82,104.44,2
0_2230,10.09,0
0_179,7.06,0
1_271,18.69,1
0_1150,4.89,0
0_1700,9.09,0
2_191,151.16,2
0_146,20.65,0
0_1038,32.51,0
0_1791,4.95,0
1_28,15.13,1
1_527,25.51,1
1_626,15.59,1
0_1163,15.39,0
0_464,10.71,0
0_2098,12.33,0
0_2286,19.59,0
1_610,30.3,1
0_1789,3.73,0
1_462,26.27,1
1_674,12.47,1
0_704,5.41,0
0_607,35.45,0
0_539,5.69,0
0_1242,10.82,0
1_330,37.16,1
1_726,10.28,1
0_2159,11.07,0
1_75,15.98,1
0_488,4.11,0
0_2217,0.9,0
0_253,3.72,0
0_716,13.62,0
1_153,16.27,1
0_1810,11.28,0
0_1991,7.92,0
0_1545,2.95,0
0_1741,4.71,0
1_452,3.65,1
1_458,26.13,1
2_148,152.83,2
1_98,17.69,1
0_2144,6.58,0
0_47,8.94,0
0_462,15.27,0
0_1397,14.01,0
0_283,15.42,0
0_2094,9.69,0
0_1484,14.7,0
0_1124,11.12,0
0_521,19.35,0
0_1475,5.79,0
0_201,8.29,0
1_713,24.47,1
0_980,6.94,0
0_2201,12.17,0
0_87,3.1,0
0_522,5.13,0
0_2005,4.93,0
0_27,7.51,0
1_387,31.44,1
0_1638,17.34,0
0_1478,5.05,0
0_961,17.03,0
0_1683,19.62,0
1_401,36.05,1
0_1872,6.8,0
0_1035,13.57,0
2_39,94.97,2
0_1578,11.04,0
0_1260,5.02,0
0_760,24.7,0
0_1130,5.46,0
1_139,25.64,1
2_32,57.95,2
0_18,5.72,0
2_47,172.51,2
0_753,24.09,0
0_1649,13.07,0
0_319,5.2,0
0_131,16.02,0
0_2287,0.68,0
0_486,10.17,0
0_2155,14.22,0
0_876,2.08,0
0_1677,7.19,0
2_172,159.16,2
0_591,5.95,0
0_587,9.67,0
0_1712,25.3,0
0_1154,4.88,0
0_1375,14.34,0
0_1144,7.84,0
0_1012,18.02,0
0_976,15.62,0
0_852,8.56,0
0_51,7.47,0
0_29,11.43,0
0_983,9.37,0
0_460,14.39,0
0_2,21.68,0
0_2042,40.0,0
1_574,12.46,1
1_268,5.2,1
2_1,104.43,2
0_1753,5.3,0
1_394,35.87,1
0_120,4.18,0
0_777,8.04,0
0_998,7.22,0
0_1766,3.18,0
0_2200,8.22,0
1_403,15.95,1
0_104,1.94,0
0_148,8.7,0
0_259,3.99,0
1_324,18.1,1
0_2204,35.31,0
0_2248,7.39,0
2_189,101.09,2
0_1673,10.38,0
0_2067,4.09,0
2_88,102.52,2
0_469,12.48,0
0_669,7.01,0
0_401,21.47,0
1_135,47.64,1
1_484,16.24,1
0_1121,13.82,0
0_910,5.18,0
0_1553,9.3,0
0_445,35.88,0
0_1361,1.19,0
2_214,39.79,2
0_293,2.23,0
0_794,8.88,0
0_1460,5.14,0
1_37,6.66,1
0_366,3.46,0
1_118,12.93,1
0_2263,17.56,0
1_32,28.09,1
0_1450,14.21,0
0_2156,9.63,0
0_867,3.26,0
0_2234,13.92,0
0_1815,26.03,0
1_346,2.23,1
0_674,10.26,0
0_149,9.86,0
0_505,10.8,0
0_1108,15.32,0
0_1902,19.25,0
2_89,72.91,2
0_1287,5.26,0
0_1323,19.92,0
0_1929,5.17,0
0_1680,6.18,0
0_1477,8.57,0
1_357,23.0,1
0_1166,5.23,0
0_490,8.59,0
1_52,21.45,1
1_281,14.05,1
0_152,18.15,0
0_1456,24.18,0
0_1301,17.32,0
0_920,18.43,0
2_56,103.63,2
1_383,14.94,1
0_274,4.43,0
0_132,7.66,0
1_81,13.07,1
0_334,5.08,0
0_2261,3.15,0
0_1838,6.15,0
0_1329,7.12,0
1_274,36.15,1
0_1362,4.45,0
0_1238,10.78,0
0_1948,11.05,0
0_1827,9.58,0
1_715,2.35,1
0_1949,6.38,0
0_936,4.84,0
0_965,13.35,0
0_844,4.86,0
0_1532,8.96,0
0_1004,2.09,0
0_891,20.75,0
0_489,20.3,0
0_73,11.14,0
0_1021,3.12,0
0_291,25.45,0
1_498,15.74,1
1_374,17.47,1
0_1595,3.29,0
1_382,17.39,1
0_1292,35.83,0
0_1058,15.04,0
2_211,112.95,2
0_1367,1.31,0
0_1799,4.34,0
2_228,109.87,2
0_1176,27.88,0
0_1425,6.86,0
0_939,11.73,0
0_2169,9.74,0
1_266,13.87,1
0_359,13.32,0
0_1127,24.06,0
0_719,6.69,0
0_2284,1.52,0
0_1821,25.12,0
2_33,93.02,2
0_1079,22.56,0
0_1686,23.31,0
1_128,4.97,1
0_504,4.36,0
0_1087,19.66,0
1_723,4.99,1
1_19,39.17,1
0_1346,2.63,0
1_492,30.24,1
0_1786,26.87,0
1_254,21.49,1
0_634,15.35,0
0_948,8.36,0
0_2245,13.03,0
0_369,13.45,0
2_108,177.82,2
1_463,17.85,1
0_565,16.73,0
0_325,9.91,0
1_434,21.59,1
0_1468,10.75,0
0_1086,23.16,0
1_657,67.19,1
0_1744,11.6,0
1_445,27.56,1
0_1746,3.7,0
0_991,7.65,0
1_229,31.07,1
1_417,9.32,1
1_344,14.77,1
1_123,27.28,1
0_478,3.44,0
0_805,5.88,0
0_1563,4.03,0
0_831,17.63,0
0_1880,22.8,0
0_2030,14.17,0
0_1237,4.75,0
0_1696,12.19,0
0_482,15.45,0
0_927,21.99,0
0_2191,22.09,0
0_1826,5.34,0
0_1336,9.53,0
0_1434,6.11,0
1_347,4.75,1
0_540,12.6,0
0_1739,18.78,0
0_1588,9.21,0
1_509,3.06,1
2_87,161.04,2
1_22,61.44,1
0_1655,3.71,0
0_1221,15.55,0
1_426,33.69,1
0_653,24.24,0
0_952,20.37,0
0_1436,23.15,0
0_1447,5.63,0
0_1151,12.12,0
1_275,72.55,1
0_623,15.2,0
0_1825,11.72,0
1_48,14.96,1
0_1050,6.58,0
1_18,14.99,1
0_1952,15.65,0
2_3,140.49,2
0_1900,25.79,0
2_103,65.68,2
0_2207,10.96,0
1_566,26.96,1
0_2040,12.97,0
0_377,20.99,0
2_119,243.66,2
0_2164,11.87,0
0_389,6.56,0
0_2283,21.94,0
0_804,6.23,0
1_292,28.21,1
0_1416,12.29,0
0_1612,28.61,0
0_1531,9.63,0
0_495,2.15,0
0_2211,30.1,0
0_599,10.45,0
0_836,15.54,0
0_798,24.85,0
0_2176,15.66,0
0_1062,5.74,0
1_164,10.35,1
0_1320,17.63,0
0_1167,12.14,0
0_811,2.77,0
2_226,181.29,2
1_176,18.61,1
0_2013,9.0,0
0_2107,8.35,0
0_227,21.3,0
0_279,17.02,0
0_682,21.2,0
0_2054,5.99,0
0_126,16.36,0
0_1110,30.99,0
0_2017,13.67,0
1_730,6.55,1
2_74,73.19,2
0_1501,6.13,0
0_1211,6.54,0
1_94,44.57,1
2_0,157.45,2
0_121,22.66,0
0_528,8.59,0
0_2202,13.52,0
0_1200,3.94,0
0_35,18.36,0
0_828,13.32,0
0_124,13.48,0
1_192,32.06,1
0_1190,5.45,0
0_979,11.26,0
0_625,6.21,0
0_340,3.28,0
0_1303,0.93,0
1_589,18.28,1
2_126,104.22,2
0_167,7.91,0
0_1077,22.31,0
1_666,42.73,1
1_646,42.84,1
2_210,128.65,2
0_52,3.65,0
2_54,210.98,2
0_862,11.56,0
0_706,4.56,0
0_1462,12.0,0
1_91,20.16,1
0_1374,8.96,0
1_256,28.82,1
2_117,106.13,2
0_1381,5.75,0
0_390,8.13,0
0_1183,10.76,0
0_203,10.31,0
0_28,1.89,0
0_1896,16.99,0
0_372,10.72,0
0_1069,13.45,0
0_743,5.99,0
0_698,3.82,0
1_651,16.55,1
0_851,21.55,0
0_2031,21.03,0
1_367,22.19,1
0_742,16.9,0
0_1996,7.07,0
0_88,18.07,0
0_2033,3.18,0
0_1369,10.48,0
0_2078,1.78,0
1_17,37.91,1
0_1650,20.66,0
0_1535,15.22,0
1_386,38.75,1
1_497,6.63,1
0_2181,2.55,0
0_2232,29.03,0
0_107,3.24,0
0_2236,8.82,0
0_1128,6.53,0
0_374,28.98,0
1_595,4.79,1
1_289,9.25,1
0_1554,11.02,0
1_152,13.62,1
1_628,8.72,1
0_1280,24.75,0
1_607,30.47,1
0_423,15.38,0
0_1654,15.97,0
0_826,17.72,0
0_985,6.87,0
2_238,41.7,2
0_422,15.76,0
1_559,14.25,1
0_837,24.29,0
2_142,34.44,2
0_898,8.31,0
1_273,35.98,1
0_15,8.67,0
1_389,24.94,1
0_417,10.66,0
0_1344,6.74,0
0_1417,4.32,0
0_810,21.08,0
1_169,11.99,1
1_170,34.37,1
0_82,17.59,0
0_751,1.91,0
1_637,6.25,1
0_1070,8.99,0
1_550,13.81,1
0_277,33.81,0
0_1278,5.38,0
0_964,6.3,0
1_684,35.8,1
1_93,33.35,1
1_572,30.68,1
0_1307,16.72,0
1_210,51.69,1
0_1368,21.85,0
1_562,29.11,1
0_2274,19.07,0
1_356,30.39,1
0_868,7.98,0
0_2109,7.09,0
0_1133,11.12,0
1_203,37.83,1
0_1960,6.12,0
0_1895,20.18,0
0_1707,4.11,0
0_803,2.13,0
1_294,2.09,1
2_26,125.94,2
1_102,37.17,1
1_140,48.52,1
1_431,4.17,1
0_741,9.57,0
0_1443,11.35,0
0_1471,16.44,0
1_443,28.87,1
0_398,15.51,0
0_163,1.72,0
0_471,14.26,0
1_178,17.49,1
1_217,11.88,1
0_975,2.06,0
2_235,263.19,2
0_558,3.85,0
0_230,12.96,0
0_1688,6.14,0
1_136,14.02,1
1_454,27.4,1
0_1104,15.96,0
0_561,4.55,0
1_456,5.66,1
0_1743,7.95,0
0_1918,1.0,0
0_1877,14.5,0
0_1603,9.37,0
0_745,21.14,0
0_1023,18.81,0
0_1693,21.1,0
0_525,4.62,0
0_664,13.38,0
1_720,7.78,1
2_7,214.78,2
0_2150,9.18,0
0_1395,12.97,0
1_252,6.83,1
1_322,11.79,1
1_138,5.53,1
0_870,11.4,0
0_32,15.62,0
1_73,43.04,1
0_1338,6.81,0
0_2047,16.42,0
0_309,20.74,0
0_890,11.2,0
0_1593,12.03,0
0_476,4.93,0
0_1886,20.99,0
0_1400,14.41,0
0_627,5.44,0
0_1283,8.63,0
1_424,28.92,1
0_673,2.32,0
0_738,2.03,0
0_783,16.4,0
0_723,3.63,0
0_1836,8.73,0
0_1078,7.51,0
0_2237,3.08,0
0_705,10.25,0
2_136,240.08,2
0_1733,8.54,0
0_1199,8.71,0
0_84,17.1,0
1_2,9.48,1
0_1503,12.58,0
0_1461,16.49,0
0_1187,20.15,0
0_2079,37.97,0
1_179,21.4,1
0_424,13.78,0
0_382,2.54,0
0_1913,13.56,0
0_679,3.85,0
0_92,20.59,0
0_2154,17.1,0
0_1029,2.08,0
0_737,5.77,0
2_123,64.66,2
1_496,13.13,1
0_2037,10.24,0
0_1290,2.28,0
0_1040,3.09,0
0_825,9.64,0
0_1607,13.65,0
0_1911,6.1,0
0_2193,13.5,0
1_398,8.96,1
0_19,21.52,0
0_1201,6.7,0
1_694,18.81,1
0_1339,6.06,0
0_85,4.42,0
0_713,23.61,0
0_6,3.75,0
1_437,22.42,1
0_1131,13.4,0
1_183,23.75,1
1_594,38.22,1
1_700,13.22,1
0_484,20.85,0
0_1259,11.33,0
2_222,43.97,2
1_197,34.92,1
1_112,23.49,1
0_799,14.16,0
1_259,16.62,1
0_1884,4.8,0
0_2240,2.87,0
0_209,8.53,0
0_156,11.34,0
0_1264,8.36,0
0_834,5.99,0
0_1582,2.35,0
1_568,16.37,1
0_243,13.39,0
2_176,93.92,2
0_763,16.33,0
1_186,5.4,1
0_1011,9.65,0
1_302,16.93,1
0_1793,6.53,0
0_1521,15.14,0
0_1906,4.29,0
0_2086,29.25,0
1_670,11.74,1
0_275,31.43,0
1_255,36.6,1
0_2124,25.2,0
0_1445,29.33,0
0_643,3.48,0
0_847,17.34,0
1_339,10.64,1
1_532,21.37,1
0_1289,5.33,0
1_588,5.63,1
2_197,176.12,2
0_907,16.88,0
0_536,6.69,0
1_654,34.58,1
2_107,78.69,2
1_447,21.6,1
1_584,33.63,1
0_731,6.27,0
0_2065,9.7,0
0_802,11.01,0
0_1559,4.4,0
2_180,247.14,2
1_475,13.12,1
1_616,32.61,1
0_413,12.21,0
1_329,40.74,1
1_573,45.74,1
1_66,40.49,1
0_670,6.86,0
1_352,51.68,1
0_329,22.92,0
0_1119,16.51,0
2_174,155.95,2
1_67,36.36,1
1_540,28.99,1
1_699,20.71,1
0_1348,14.14,0
0_781,21.71,0
0_7,18.14,0
0_1396,11.02,0
0_872,9.76,0
0_195,28.22,0
1_467,41.06,1
0_908,13.47,0
0_1515,5.61,0
1_29,4.48,1
1_209,16.27,1
1_232,27.7,1
0_1158,21.1,0
0_613,20.38,0
0_2133,5.11,0
2_102,62.85,2
0_1309,0.66,0
2_170,44.01,2
2_146,110.02,2
0_1228,11.52,0
0_1534,5.93,0
0_2084,16.22,0
0_2104,19.04,0
0_1551,32.66,0
0_552,17.89,0
2_217,122.49,2
0_446,15.81,0
0_2253,6.3,0
2_17,110.54,2
0_355,2.35,0
0_2134,11.88,0
0_1539,12.37,0
0_2015,3.59,0
0_99,4.34,0
1_244,4.83,1
2_168,58.06,2
0_582,14.63,0
0_1365,23.05,0
1_606,23.87,1
2_57,46.81,2
0_840,2.38,0
0_589,5.87,0
0_773,16.66,0
0_1723,12.06,0
1_624,42.8,1
1_41,21.11,1
0_1764,5.02,0
0_1800,14.65,0
0_2256,11.36,0
1_34,32.0,1
2_204,143.61,2
0_945,9.5,0
0_1953,6.96,0
0_574,14.93,0
0_1772,25.34,0
0_2001,19.68,0
2_154,99.46,2
1_448,48.52,1
0_135,14.99,0
0_904,5.52,0
0_766,18.74,0
0_1797,9.97,0
0_133,10.05,0
0_2250,9.82,0
0_2062,13.37,0
0_1496,14.41,0
0_843,6.18,0
1_381,19.11,1
0_550,14.24,0
0_1556,10.68,0
1_162,4.86,1
2_22,45.74,2
0_229,23.71,0
0_2210,8.77,0
0_647,21.34,0
1_721,64.57,1
0_635,20.62,0
0_1194,17.82,0
0_1864,13.74,0
0_69,3.21,0
0_418,30.55,0
0_806,9.92,0
0_1255,9.99,0
1_262,19.07,1
0_797,6.64,0
1_215,28.24,1
1_129,21.32,1
1_632,6.49,1
2_79,104.7,2
0_1372,8.42,0
1_528,33.8,1
0_1947,23.54,0
1_695,31.51,1
0_2252,11.44,0
0_1488,7.23,0
0_1606,3.61,0
0_219,1.77,0
0_1938,4.48,0
1_355,2.92,1
0_1234,5.47,0
1_368,41.79,1
0_1007,10.22,0
0_1226,1.99,0
1_707,8.13,1
0_2100,4.58,0
0_1848,9.37,0
1_429,22.03,1
0_712,21.22,0
0_641,18.43,0
0_1936,8.85,0
0_888,5.9,0
0_1977,1.57,0
0_1191,9.88,0
0_436,21.26,0
0_989,9.46,0
0_935,12.54,0
0_2266,5.43,0
0_410,20.33,0
0_217,6.56,0
1_31,14.13,1
2_16,158.59,2
0_399,4.99,0
0_1394,17.95,0
0_1924,13.95,0
1_119,47.43,1
0_1956,5.66,0
0_893,10.99,0
0_1824,21.74,0
1_712,48.97,1
0_592,0.55,0
0_21,15.71,0
0_68,11.74,0
0_373,19.55,0
0_207,6.7,0
1_13,25.12,1
1_547,9.41,1
1_148,13.91,1
0_1025,30.29,0
0_2008,13.23,0
1_46,27.73,1
0_1243,16.43,0
1_74,37.39,1
0_2160,4.5,0
1_652,14.6,1
0_1832,5.63,0
0_1937,11.41,0
0_1710,9.94,0
0_982,15.27,0
0_510,19.67,0
0_370,5.79,0
0_11,6.76,0
0_240,1.99,0
1_116,4.49,1
0_1459,7.81,0
0_578,11.56,0
0_2149,16.12,0
0_2074,9.59,0
0_500,14.94,0
0_2011,6.43,0
0_2166,4.28,0
0_74,2.7,0
1_412,65.84,1
1_446,23.81,1
0_1811,3.71,0
0_793,19.41,0
0_114,13.44,0
2_23,135.38,2
0_1177,19.96,0
0_1757,1.38,0
0_711,16.34,0
0_2137,15.59,0
1_60,38.28,1
1_369,16.28,1
2_129,78.67,2
2_144,38.21,2
0_1028,3.4,0
0_626,26.01,0
0_1803,14.53,0
0_1112,6.93,0
2_158,77.84,2
0_134,34.8,0
0_1030,13.87,0
0_208,6.42,0
0_1273,7.82,0
1_686,28.88,1
0_995,9.57,0
0_503,5.12,0
1_592,19.08,1
0_951,5.66,0
0_1939,12.64,0
1_340,10.7,1
0_1472,14.25,0
0_354,21.73,0
0_2192,7.88,0
0_1624,17.45,0
2_162,96.8,2
1_70,16.68,1
0_1664,7.92,0
1_157,56.02,1
0_2140,17.92,0
1_117,38.17,1
1_521,13.2,1
1_12,39.63,1
0_349,29.18,0
1_156,21.47,1
0_1267,1.37,0
1_163,11.66,1
0_962,16.06,0
2_43,135.17,2
0_1926,2.3,0
0_1520,8.37,0
0_931,5.53,0
1_205,33.15,1
0_1363,15.17,0
0_337,6.35,0
0_2246,5.44,0
2_152,222.34,2
0_1852,4.05,0
0_1205,11.45,0
2_18,118.49,2
0_402,22.65,0
0_1842,12.34,0
0_255,12.99,0
0_1165,22.06,0
2_105,50.6,2
0_926,9.42,0
1_96,51.52,1
0_174,12.76,0
0_2269,19.58,0
1_134,11.11,1
0_967,12.66,0
0_1510,2.99,0
0_1770,5.14,0
0_1157,4.21,0
1_617,11.18,1
1_399,23.17,1
0_1286,1.8,0
0_696,16.98,0
0_1098,18.24,0
0_633,11.17,0
0_575,13.51,0
0_244,9.31,0
0_109,2.65,0
1_310,16.51,1
0_1957,3.2,0
0_1718,2.64,0
0_260,1.7,0
0_1850,12.55,0
0_2167,6.0,0
0_1889,8.04,0
0_1091,7.27,0
0_2129,18.41,0
1_9,51.91,1
0_2115,3.72,0
0_113,23.43,0
0_2076,17.56,0
0_330,9.16,0
0_2272,5.1,0
0_1224,8.02,0
1_593,14.64,1
2_135,67.79,2
0_1807,14.43,0
1_696,23.32,1
0_1022,8.93,0
1_349,50.34,1
0_472,13.35,0
2_187,129.28,2
2_27,64.28,2
0_1437,8.27,0
0_1389,3.04,0
0_1961,6.87,0
0_1010,17.16,0
0_1697,26.93,0
0_1291,13.03,0
0_598,11.43,0
1_6,51.65,1
2_83,41.86,2
0_769,9.35,0
0_1152,14.17,0
0_1679,3.89,0
0_379,11.67,0
0_1542,21.29,0
0_915,3.97,0
1_402,53.35,1
0_98,10.97,0
0_497,2.28,0
1_535,34.3,1
